"first_name","last_name"
Sue,Peters
Kimberly,Lee
Caroline,Bowman
Hilda,Hopkins
Colleen,Burton
Kurt,Emmons
Jeremy,Hurtado
Maria,Miller
Mitchell,Westmoreland
Vivian,Ruiz
Salvador,Teel
Violet,Rodriquez
Kenneth,Gooden
Elsie,Kelley
Bill,Gavin
Miguel,Betancourt
Sidney,Burleson
Gerald,Fultz
Esther,Crawford
Peter,Menard
Dana,Hart
Katherine,Rivera
Lena,Jensen
Norman,Currier
Olga,Jimenez
Denise,Kelly
Nicole,Peterson
Jim,Rea
Ray,Houle
Tommy,Collazo
Jay,Robb
Rachel,Barnes
Rodney,Moeller
Marlene,Welch
Ramon,Choate
Timothy,Bunn
Melinda,Fernandez
Glen,Talbert
Mae,Fletcher
Margaret,Moore
Adrian,Clary
Peggy,Myers
Jeffery,Pinson
Julian,Vest
Eric,Robert
Shelly,Watts
Tonya,Chapman
Jeanette,Greene
Wendy,Harrison
Larry,Thrasher
Julia,Flores
Marshall,Thorn
Nancy,Thomas
Miriam,Mckinney
Ruben,Geary
Kathy,James
Enrique,Forsythe
Sam,Mcduffie
Stanley,Scroggins
Perry,Swafford
Matthew,Mahan
Ron,Deluca
Gene,Sanborn
Martin,Bales
Ana,Bradley
Danny,Isom
Kay,Caldwell
Lillie,Kim
Bernice,Willis
Gloria,Cook
Danielle,Daniels
Mildred,Bailey
Kirk,Stclair
Brenda,Wright
Javier,Elrod
Shannon,Freeman
Jaime,Nettles
Jared,Ely
Rebecca,Scott
Harvey,Guajardo
Clifton,Malcolm
Donna,Thompson
Joan,Cooper
Ryan,Salisbury
Jennie,Terry
Grace,Ellis
Clara,Shaw
Stella,Moreno
Tom,Milner
Roy,Whiting
Lori,Wood
Joe,Gilliland
Anne,Powell
Annie,Russell
Rene,Mcalister
Dave,Gardiner
Jorge,Olivares
Alma,Austin
Jimmy,Schrader
Jessie,Banks
Laurie,Lawrence
Tara,Ryan
Patrick,Newsom
Gina,Williamson
Russell,Brinson
Theodore,Culp
Willie,Howell
Audrey,Ray
Tyler,Wren
Freddie,Duggan
Raul,Fortier
Stacy,Cunningham
Jerry,Jordon
Brittany,Riley
Tracy,Cole
Lloyd,Dowd
Adam,Gooch
Dale,Ratcliff
Carl,Artis
Ivan,Cromwell
Darryl,Ashcraft
Michelle,Clark
Laura,Rodriguez
Darrell,Power
Wallace,Slone
Judith,Cox
Theresa,Watson
Wilma,Richards
Armando,Gruber
Randall,Neumann
Maurice,Crawley
Leo,Ebert
Lillian,Griffin
Patricia,Johnson
Billie,Horton
Melissa,King
Tiffany,Jordan
Maxine,Silva
Paul,Trout
Pauline,Henry
Naomi,Jennings
Alvin,Deloach
Gregory,Mauldin
Eugene,Culpepper
Robin,Hayes
Jennifer,Davis
Heidi,Larson
Rick,Mattox
Marsha,Douglas
Juanita,Mason
Cathy,Spencer
Jackie,Lynch
Fernando,Churchill
Marcus,Hidalgo
William,Satterfield
Leslie,Seward
Ralph,Madrigal
Antonio,Meek
Amy,Lopez
Kristin,Johnston
Reginald,Kinder
Norma,Gonzales
Erica,Matthews
Nathan,Runyon
Agnes,Bishop
Ken,Prewitt
Earl,Shanks
Philip,Causey
Kathleen,Adams
Pedro,Chestnut
Cecil,Vines
Debra,Nelson
Teresa,Rogers
Clyde,Tobias
Billy,Poulin
Anita,Morales
Valerie,Black
April,Burns
Julie,Sanchez
Charlene,Alvarez
Christina,Ramirez
Yolanda,Weaver
Vincent,Ralston
Kristina,Chambers
Morris,Mccarter
Lisa,Anderson
Loretta,Carpenter
Minnie,Romero
Kent,Arsenault
Dora,Medina
Kelly,Torres
Lauren,Hudson
Tracy,Herrmann
Kyle,Spurlock
Diane,Collins
Terry,Grissom
Willard,Lumpkin
Ricky,Shelby
Marie,Turner
Calvin,Martel
George,Linton
Viola,Hanson
Jeff,East
Edna,West
Travis,Estep
Terry,Carlson
Jo,Fowler
Sherry,Marshall
Cory,Meehan
Clinton,Buford
Erin,Dunn
Debbie,Reyes
Doris,Reed
Gail,Knight
Katie,Elliott
Vera,Mccoy
Regina,Berry
Beatrice,Arnold
Leonard,Schofield
Toni,Holt
Warren,Sherrod
Natalie,Meyer
Barry,Lovelace
Herman,Devore
Elizabeth,Brown
Manuel,Murrell
Roger,Quintanilla
Ella,Oliver
Constance,Reid
Jeanne,Lawson
Todd,Tan
Craig,Morrell
Tracey,Barrett
Ann,Evans
Derek,Blakely
Glenn,Pullen
Shirley,Allen
Nellie,Garrett
Claudia,Fuller
Dennis,Gilman
Vernon,Chapa
Karl,Seal
Brent,Harkins
Lester,Kraus
Deborah,Walker
Sharon,Robinson
Eileen,Carr
Roland,South
Milton,Howland
Barbara,Jones
Robert,Baughman
Monica,Hicks
Steven,Curley
Fred,Wheat
Rita,Graham
Terrance,Roush
Hazel,Warren
Chad,Carbone
Randy,Gaither
Pamela,Baker
Ross,Grey
Alice,Stewart
Charlie,Bess
Cindy,Fisher
Christopher,Greco
Terri,Vasquez
Stacey,Montgomery
Nora,Herrera
Brad,Mccurdy
Ian,Still
Dwight,Lombardi
Juan,Fraley
Chester,Benner
Roberta,Harper
Bonnie,Hughes
Shawn,Heaton
Virginia,Green
Nina,Soto
Jessica,Hall
Johnny,Turpin
Alan,Kahn
Carlos,Coughlin
Troy,Quigley
Rosa,Reynolds
Alfred,Casillas
Jordan,Archuleta
Catherine,Campbell
Raymond,Mcwhorter
Sally,Pierce
Veronica,Stone
Vicki,Fields
Victoria,Gibson
Alberto,Henning
Lynn,Payne
Joel,Francisco
Clifford,Bowens
Courtney,Day
Clarence,Gamez
Joy,George
Duane,Tubbs
Allison,Stanley
Beverly,Brooks
Arlene,Harvey
Ethel,Webb
Gabriel,Harder
Kathryn,Coleman
Erik,Guillen
Allan,Cornish
Betty,White
Martha,Gonzalez
Derrick,Bourque
Jesse,Schilling
Erika,Pena
Marc,Outlaw
Daisy,Bates
Frank,Waggoner
Heather,Morris
Jack,Foust
Ashley,Richardson
Jon,Wiles
Leah,Curtis
Seth,Hannon
Arnold,Havens
Diana,Alexander
Josephine,Gomez
Emily,Diaz
Phillip,Holm
Patsy,Davidson
Amanda,Carter
Frances,Parker
Lorraine,Stephens
Georgia,Jacobs
Angela,Hernandez
Marvin,Yee
Sheila,Wells
Mike,Way
Mark,Rinehart
Holly,Fox
Alfredo,Mcadams
Tony,Carranza
Carla,Gutierrez
Willie,Markham
Vickie,Brewer
Virgil,Wofford
Carmen,Owens
Melvin,Ellington
Wesley,Bull
Edwin,Burk
Dean,Sauer
Darren,Windham
Annette,Olson
Jose,Andrew
Edith,Mcdonald
Jenny,Castro
Francisco,Skidmore
Kelly,Knott
Misty,Lambert
Bobby,Boudreau
Gertrude,Castillo
Julio,Noland
Aaron,Selby
Howard,Fortner
Jacqueline,Long
Victor,Barkley
Angel,Barclay
Cassandra,Walters
Stephanie,Mitchell
Paula,Bryant
Yvonne,Watkins
Marian,Mendoza
Christian,Jung
Franklin,Troutman
Marilyn,Ross
Lonnie,Tirado
Wayne,Truong
Lee,Hawks
Sherri,Rhodes
Dan,Paine
Suzanne,Nichols
Helen,Harris
Corey,Hauser
Brandy,Graves
Geraldine,Perkins
Beth,Franklin
Bradley,Motley
Priscilla,Lowe
Thomas,Grigsby
Alex,Gresham
Lydia,Burke
Oscar,Aquino
Stephen,Qualls
Sergio,Stanfield
Harry,Arce
Tamara,Nguyen
Ruby,Washington
Judy,Gray
Ronnie,Ricketts
Florence,Woods
Claude,Herzog
Bob,Pfeiffer
Jill,Hawkins
Jason,Morrissey
Mabel,Holland
Phyllis,Foster
Marjorie,Tucker
Becky,Miles
Samantha,Duncan
Roberto,Vu
Sarah,Lewis
Bruce,Schwarz
Nelson,Christenson
Richard,Mccrary
Rosemary,Schmidt
Kevin,Schuler
Rose,Howard
Walter,Perryman
Neil,Renner
Gordon,Allard
Gladys,Hamilton
Ben,Easter
Karen,Jackson
Micheal,Forman
Ellen,Simpson
Wade,Delvalle
Dawn,Sullivan
Ramona,Hale
Andy,Vanhorn
Christy,Vargas
Alexander,Fennell
Irene,Price
Casey,Mena
Felicia,Sutton
Hector,Poindexter
Myrtle,Fleming
Douglas,Graf
Wanda,Patterson
Jamie,Rice
Anna,Hill
Kim,Cruz
Pearl,Garza
Carol,Garcia
Ida,Andrews
Lance,Pemberton
Shane,Millard
Carole,Barnett
Connie,Wallace
Leroy,Bustamante
Joseph,Joy
Leslie,Gordon
Marcia,Dean
Albert,Crouse
Thelma,Murray
Samuel,Marlow
Jamie,Waugh
Dwayne,Olvera
Lewis,Lyman
Vanessa,Sims
Glenda,Frazier
Jonathan,Scarborough
Mathew,Bolin
Edward,Baugh
Andrea,Henderson
Andre,Rapp
Evelyn,Morgan
Felix,Gaffney
Crystal,Ford
Ronald,Weiner
Bertha,Ferguson
Chris,Brothers
Amber,Dixon
Everett,Banda
Jane,Bennett
Christine,Roberts
Joanne,Robertson
Jacob,Lance
Arthur,Simpkins
Nathaniel,Adam
Janet,Phillips
Susan,Wilson
Edgar,Rhoads
Jesus,Mccartney
Alicia,Mills
Eduardo,Hiatt
Jessie,Milam
Gary,Coy
Max,Pitt
Tina,Simmons
Cody,Nolen
Darlene,Rose
Herbert,Kruger
Bryan,Hardison
June,Carroll
Keith,Rico
Tim,Cary
Francis,Sikes
Dorothy,Taylor
Floyd,Gandy
Benjamin,Varney
Tammy,Sanders
Delores,Hansen
Eva,Ramos
Andrew,Purdy
Allen,Butterfield
Bessie,Morrison
Gwendolyn,May
Austin,Cintron
Daniel,Cabral
Mattie,Hoffman
Michele,Grant
Brandon,Huey
Don,Bone
Carolyn,Perez
Elaine,Stevens
Deanna,Byrd
John,Farnsworth
Margie,Wade
Lucille,Holmes
Carrie,Porter
Melanie,Armstrong
Anthony,Schwab
Ernest,Stepp
Jimmie,Eggleston
Rafael,Abney
Irma,Pearson
Donald,Mahon
Hugh,Waldrop
Louise,Jenkins
Dustin,Gillette
Bernard,Colby
Jeffrey,Spear
Kristen,Chavez
Mary,Smith
Greg,Robins
David,Royal
Dianne,Shelton
Zachary,Hite
Eleanor,Hunt
Jerome,Kenyon
Bobbie,Craig
Emma,Boyd
Velma,Lucas
Sonia,Gregory
Brian,Wyman
Frederick,Isbell
Cynthia,Young
Ted,Breaux
Penny,Neal
Daryl,Larue
Justin,Ngo
Scott,Shelley
Tanya,Gilbert
Charlotte,Hunter
Sandra,Martin
Isaac,Oglesby
Marion,Snyder
Clayton,Barbee
Marion,Ocampo
Megan,Palmer
Sara,Perry
Joann,Gardner
Harold,Martino
Lois,Butler
Lucy,Wheeler
Eddie,Tomlin
Leona,Obrien
Charles,Kowalski
Sean,Douglass
James,Gannon
Steve,Mackenzie
Elmer,Noe
Henry,Billingsley
Renee,Lane
Gilbert,Sledge
Brett,Cornwell
Jean,Bell
Terrence,Gunderson
Ruth,Martinez
Joshua,Mark
Maureen,Little
Janice,Ward
Joyce,Edwards
Guy,Brownlee
Tyrone,Asher
Sylvia,Ortiz
Luis,Yanez
Ricardo,Meador
Curtis,Irby
Mario,Cheatham
Dolores,Wagner
Nicholas,Barfield
Louis,Leone
Cheryl,Murphy
Byron,Box
Leon,Bostic
Rhonda,Kennedy
Linda,Williams
Johnnie,Chisholm
Michael,Silverman
Lawrence,Lawton
