"length","title"
185,Gangs Pride
185,Pond Seattle
185,Control Anthem
185,Soldiers Evolution
185,Sweet Brotherhood
185,Chicago North
185,Muscle Bright
185,Worst Banger
185,Home Pity
185,Darn Forrester
184,Theory Mermaid
184,King Evolution
184,Moonwalker Fool
184,Conspiracy Spirit
184,Sons Interview
184,Smoochy Control
184,Sorority Queen
184,Crystal Breaking
183,Scalawag Duck
183,Frontier Cabin
183,Wife Turn
183,Catch Amistad
183,Young Language
182,Monsoon Cause
182,Searchers Wait
182,Saturn Name
182,Baked Cleopatra
182,Reds Pocus
182,Records Zorro
181,Wild Apollo
181,Haunting Pianist
181,Jacket Frisco
181,Analyze Hoosiers
181,Star Operation
181,Runaway Tenenbaums
181,Intrigue Worst
181,Lawless Vision
181,Love Suicides
181,Hotel Happiness
180,Nash Chocolat
180,Mussolini Spoilers
180,Mixed Doors
180,Confidential Interview
180,Alley Evolution
180,Impact Aladdin
180,Something Duck
179,Redemption Comforts
179,Casualties Encino
179,Potluck Mixed
179,Youth Kick
179,Born Spinal
179,Anonymous Human
179,Torque Bound
179,Flight Lies
179,Cause Date
179,Slacker Liaisons
179,Texas Watch
179,Kick Savannah
179,Virgin Daisy
178,Name Detective
178,Image Princess
178,Rocketeer Mother
178,Wardrobe Phantom
178,Innocent Usual
178,Fury Murder
178,Wrong Behavior
178,Madness Attacks
178,Express Lonely
178,Drop Waterfront
177,Empire Malkovich
177,Rider Caddyshack
177,Quest Mussolini
177,Manchurian Curtain
177,Double Wrath
177,Dozen Lion
176,Dracula Crystal
176,Greek Everyone
176,Caper Motions
176,Cyclone Family
176,Gathering Calendar
176,Entrapment Satisfaction
176,Wrath Mile
176,Hoosiers Birdcage
176,Braveheart Human
176,Sweden Shining
175,Model Fish
175,Splash Gump
175,Lawrence Love
175,Beauty Grease
175,Driving Polish
175,Patton Interview
174,Italian African
174,Lights Deer
174,Jade Bunch
174,Uprising Uptown
174,Vietnam Smoochy
174,Evolution Alter
173,Conquerer Nuts
173,Talented Homicide
173,Fire Wolves
173,Velvet Terminator
173,Pizza Jumanji
173,Ballroom Mockingbird
173,Gladiator Westward
172,Jerk Paycheck
172,Connecticut Tramp
172,Creepers Kane
172,Northwest Polish
172,Idaho Love
172,Tights Dawn
172,Uncut Suicides
172,Eyes Driving
171,Jericho Mulan
171,Magnolia Forrester
171,World Leathernecks
171,Tramp Others
171,Roxanne Rebel
171,Kramer Chocolate
171,Duffel Apocalypse
171,Moonshine Cabin
170,Atlantis Cause
170,Trading Pinocchio
170,Dragon Squad
170,Artist Coldblooded
169,Soup Wisdom
169,Breaking Home
169,Hedwig Alter
169,Agent Truman
169,Kentuckian Giant
169,Outbreak Divine
168,Antitrust Tomatoes
168,Harold French
168,Translation Summer
168,Dying Maker
167,Show Lord
167,Requiem Tycoon
167,Lesson Cleopatra
167,Inch Jet
167,Campus Remember
167,Escape Metropolis
167,Exorcist Sting
166,Mine Titans
166,Contact Anonymous
166,Murder Antitrust
166,Motions Details
166,Greedy Roots
165,Song Hedwig
165,Massacre Usual
165,Darling Breaking
165,Speakeasy Date
165,Citizen Shrek
164,Clerks Angels
164,Mission Zoolander
164,United Pilot
164,Virginian Pluto
163,Bird Independence
163,Casper Dragonfly
163,Story Side
163,Gilmore Boiled
163,Kiss Glory
163,Everyone Craft
163,Queen Luke
162,Roses Treasure
162,Loverboy Attacks
162,Badman Dawn
162,Birch Antitrust
162,Miracle Virtual
161,Neighbors Charade
161,Massage Image
161,Metal Armageddon
161,Oleander Clue
161,Killer Innocent
161,Brooklyn Desert
161,Daddy Pittsburgh
161,Wash Heavenly
161,Gables Metropolis
160,Mummy Creatures
160,Peach Innocent
160,Stock Glass
160,Bear Graceland
160,Mulan Moon
160,Igby Maker
159,Malkovich Pet
159,Newsies Story
159,Driver Annie
159,Poseidon Forever
159,West Lion
159,Frankenstein Stranger
158,Fool Mockingbird
158,Enough Raging
158,Road Roxanne
158,Fever Empire
158,Monterey Labyrinth
158,Secretary Rouge
157,Mulholland Beast
157,Hobbit Alien
157,Independence Hotel
157,Tootsie Pilot
157,Volcano Texas
157,Past Suicides
156,Graduate Lord
156,Slipper Fidelity
156,Finding Anaconda
156,Operation Operation
155,Lolita World
155,Grapes Fury
155,Tadpole Park
155,Psycho Shrunk
155,Elf Murder
155,Family Sweet
154,Sassy Packer
154,Shrek License
154,Raging Airplane
154,Gold River
154,Santa Paris
154,Doubtfire Labyrinth
154,Durham Panky
153,Goldmine Tycoon
153,Baby Hall
153,Apollo Teen
153,Crossroads Casualties
153,Right Cranes
153,Rules Human
153,Edge Kissing
153,Leathernecks Dwarfs
153,Rollercoaster Bringing
152,Wagon Jaws
152,Elizabeth Shane
152,Twisted Pirates
152,Telemark Heartbreakers
152,Sister Freddy
152,Luck Opus
152,Tuxedo Mile
152,Center Dinosaur
152,Tourist Pelican
151,Straight Hours
151,Hunchback Impossible
151,Spoilers Hellfighters
151,Beethoven Exorcist
151,School Jacket
151,Masked Bubble
151,Carol Texas
150,Ali Forever
150,Bingo Talented
150,Grinch Massage
150,Christmas Moonshine
150,Saturday Lambs
150,Rushmore Mermaid
150,Hysterical Grail
150,Cleopatra Devil
149,Minds Truman
149,Nightmare Chill
149,Color Philadelphia
149,Holocaust Highball
149,Spirit Flintstones
149,River Outlaw
148,Telegraph Voyage
148,Outlaw Hanky
148,Fireball Philadelphia
148,Flintstones Happiness
148,Blanket Beverly
148,Easy Gladiator
148,Army Flintstones
147,Racer Egg
147,Lies Treatment
147,Scissorhands Slums
147,Dirty Ace
147,Madison Trap
147,Range Moonwalker
147,Menagerie Rushmore
147,Slums Duck
147,Arachnophobia Rollercoaster
146,Half Outfield
146,Hamlet Wisdom
146,Cowboy Doom
146,Mourning Purple
146,Chaplin License
145,Nuts Ties
145,Vacation Boondock
145,Floats Garden
145,Run Pacific
145,Videotape Arsenic
145,Rocky War
145,Paycheck Wait
144,Dancing Fever
144,President Bang
144,Pacific Amistad
144,Factory Dragon
144,Strictly Scarface
144,Virtual Spoilers
144,Lambs Cincinatti
144,Towers Hurricane
143,Encino Elf
143,Detective Vision
143,Crooked Frogmen
143,Clockwork Paradise
143,Cincinatti Whisperer
143,South Wait
143,Steel Santa
142,Chill Luck
142,Million Ace
142,Vanished Garden
142,Ferris Mother
142,Tomorrow Hustler
142,Bikini Borrowers
142,Tracy Cider
141,Kissing Dolls
141,Disciple Mother
141,Sun Confessions
141,Spice Sorority
141,Dynamite Tarzan
141,Homicide Peach
141,Hocus Frida
140,Steers Armageddon
140,Liaisons Sweet
140,Graceland Dynamite
140,Loathing Legally
140,Eagles Panky
139,Clyde Theory
139,Creatures Shakespeare
139,Voice Peach
139,Shrunk Divine
139,Hope Tootsie
139,Horror Reign
139,Traffic Hobbit
139,Stranger Strangers
139,Worker Tarzan
139,Dorado Notting
139,Groundhog Uncut
138,Spinal Rocky
138,Liberty Magnificent
138,Expecations Natural
138,Pocus Pulp
138,Maiden Home
138,Spirited Casualties
137,Sleepy Japanese
137,Lose Inch
137,Life Twisted
137,Philadelphia Wife
137,Pollock Deliverance
137,Willow Tracy
137,Scorpion Apollo
137,Arsenic Independence
137,Grit Clockwork
136,Town Ark
136,Squad Fish
136,Pianist Outfield
136,Hollow Jeopardy
136,Bringing Hysterical
136,Crazy Home
136,Reap Unfaithful
136,Alaska Phantom
136,Maker Gables
135,Japanese Run
135,Candles Grapes
135,Indian Love
135,Sierra Divide
135,Dream Pickup
135,Grease Youth
135,Money Harold
135,Walls Artist
135,Sunrise League
135,Thief Pelican
134,Weekend Personal
134,Robbery Bright
134,Jungle Closer
134,Pittsburgh Hunchback
134,Splendor Patton
133,Dragonfly Strangers
133,Mallrats United
133,Curtain Videotape
133,Freedom Cleopatra
133,Bucket Brotherhood
132,Trainspotting Strangers
132,Necklace Outbreak
132,Platoon Instinct
132,Volume House
132,Dude Blindness
132,Sky Miracle
132,Chocolate Duck
132,Streak Ridgemont
131,Nemo Campus
131,Forever Candidate
131,Ice Crossing
131,Open African
131,Fantasia Park
130,Majestic Floats
130,Jason Trap
130,African Egg
130,Fargo Gandhi
130,Darko Dorado
130,Stallion Sundance
129,Outfield Massacre
129,American Circus
129,Sleeping Suspects
129,Music Boondock
129,Gosford Donnie
129,Barefoot Manchurian
129,Unforgiven Zoolander
128,Notorious Reunion
128,Galaxy Sweethearts
128,Holes Brannigan
128,Jedi Beneath
128,Papi Necklace
128,Usual Untouchables
128,Wars Pluto
127,Seven Swarm
127,Gunfighter Mussolini
127,Maltese Hope
127,Submarine Bed
127,Argonauts Town
126,Sinners Atlantis
126,Wonderful Drop
126,Women Dorado
126,Pajama Jawbreaker
126,Vampire Whale
126,Alamo Videotape
126,Elephant Trojan
126,Montezuma Command
126,Freaky Pocus
125,Donnie Alley
125,Shining Roses
125,Gentlemen Stage
125,Bull Shawshank
125,Saints Bride
125,Fish Opus
125,Hunter Alter
124,Jingle Sagebrush
124,Speed Suit
124,Clones Pinocchio
124,Chisum Behavior
123,Insects Stone
123,Reef Salute
123,Swarm Gold
123,Mask Peach
123,Flash Wars
123,Vanishing Rocky
123,Breakfast Goldfinger
122,Mighty Luck
122,Extraordinary Conquerer
122,Hours Rage
122,Illusion Amelie
122,Beach Heartbreakers
122,Betrayed Rear
122,Chicken Hellfighters
122,Confused Candles
122,Deceiver Betrayed
122,Dogma Family
122,Vanilla Day
121,Jumanji Blade
121,Harry Idaho
121,Dangerous Uptown
121,Paris Weekend
121,Brannigan Sunrise
121,Boogie Amelie
121,Pure Runner
121,Arizona Bang
120,Calendar Gunfight
120,Order Betrayed
120,Dazed Punk
120,Untouchables Sunrise
120,Command Darling
120,Karate Moon
120,Lock Rear
120,Dolls Rage
120,Rage Games
119,Strangers Graffiti
119,Bugsy Song
119,Identity Lover
119,Apocalypse Flamingos
119,Dumbo Lust
119,Games Bowfinger
118,Orient Closer
118,Backlash Undefeated
118,Others Soup
118,Paths Control
118,Rouge Squad
118,Jawbreaker Brooklyn
118,Personal Ladybugs
118,Fidelity Devil
117,Chamber Italian
117,Magic Mallrats
117,Affair Prejudice
117,Resurrection Silverado
117,Graffiti Love
116,Madigan Dorado
116,Words Hunter
116,Duck Racer
116,Instinct Airport
