"title","release_year","tahun_rilis"
Chamber Italian,2006,1
Grosse Wonderful,2006,2
Airport Pollock,2006,3
Bright Encounters,2006,4
Academy Dinosaur,2006,5
Ace Goldfinger,2006,6
Adaptation Holes,2006,7
Affair Prejudice,2006,8
African Egg,2006,9
Agent Truman,2006,10
Airplane Sierra,2006,11
Alabama Devil,2006,12
Aladdin Calendar,2006,13
Alamo Videotape,2006,14
Alaska Phantom,2006,15
Date Speed,2006,16
Ali Forever,2006,17
Alice Fantasia,2006,18
Alien Center,2006,19
Alley Evolution,2006,20
Alone Trip,2006,21
Alter Victory,2006,22
Amadeus Holy,2006,23
Amelie Hellfighters,2006,24
American Circus,2006,25
Amistad Midsummer,2006,26
Anaconda Confessions,2006,27
Analyze Hoosiers,2006,28
Angels Life,2006,29
Annie Identity,2006,30
Anonymous Human,2006,31
Anthem Luke,2006,32
Antitrust Tomatoes,2006,33
Anything Savannah,2006,34
Apache Divine,2006,35
Apocalypse Flamingos,2006,36
Apollo Teen,2006,37
Arabia Dogma,2006,38
Arachnophobia Rollercoaster,2006,39
Argonauts Town,2006,40
Arizona Bang,2006,41
Ark Ridgemont,2006,42
Armageddon Lost,2006,43
Army Flintstones,2006,44
Arsenic Independence,2006,45
Artist Coldblooded,2006,46
Dying Maker,2006,47
Atlantis Cause,2006,48
Attacks Hate,2006,49
Attraction Newton,2006,50
Autumn Crow,2006,51
Baby Hall,2006,52
Backlash Undefeated,2006,53
Badman Dawn,2006,54
Baked Cleopatra,2006,55
Casualties Encino,2006,56
Balloon Homeward,2006,57
Ballroom Mockingbird,2006,58
Bang Kwai,2006,59
Banger Pinocchio,2006,60
Barbarella Streetcar,2006,61
Barefoot Manchurian,2006,62
Basic Easy,2006,63
Beach Heartbreakers,2006,64
Bear Graceland,2006,65
Beast Hunchback,2006,66
Beauty Grease,2006,67
Bed Highball,2006,68
Bedazzled Married,2006,69
Beethoven Exorcist,2006,70
Behavior Runaway,2006,71
Beneath Rush,2006,72
Berets Agent,2006,73
Betrayed Rear,2006,74
Beverly Outlaw,2006,75
Bikini Borrowers,2006,76
Bilko Anonymous,2006,77
Bill Others,2006,78
Bingo Talented,2006,79
Birch Antitrust,2006,80
Bird Independence,2006,81
Birdcage Casper,2006,82
Birds Perdition,2006,83
Blackout Private,2006,84
Blade Polish,2006,85
Blanket Beverly,2006,86
Blindness Gun,2006,87
Blood Argonauts,2006,88
Blues Instinct,2006,89
Boiled Dares,2006,90
Bonnie Holocaust,2006,91
Boogie Amelie,2006,92
Boondock Ballroom,2006,93
Born Spinal,2006,94
Borrowers Bedazzled,2006,95
Boulevard Mob,2006,96
Bound Cheaper,2006,97
Bowfinger Gables,2006,98
Brannigan Sunrise,2006,99
Braveheart Human,2006,100
Breakfast Goldfinger,2006,101
Breaking Home,2006,102
Bride Intrigue,2006,103
Bringing Hysterical,2006,104
Brooklyn Desert,2006,105
Brotherhood Blanket,2006,106
Bubble Grosse,2006,107
Bucket Brotherhood,2006,108
Bugsy Song,2006,109
Bull Shawshank,2006,110
Bulworth Commandments,2006,111
Bunch Minds,2006,112
Butch Panther,2006,113
Butterfly Chocolat,2006,114
Cabin Flash,2006,115
Caddyshack Jedi,2006,116
Calendar Gunfight,2006,117
California Birds,2006,118
Camelot Vacation,2006,119
Campus Remember,2006,120
Candidate Perdition,2006,121
Candles Grapes,2006,122
Canyon Stock,2006,123
Caper Motions,2006,124
Caribbean Liberty,2006,125
Carol Texas,2006,126
Carrie Bunch,2006,127
Casablanca Super,2006,128
Casper Dragonfly,2006,129
Cassidy Wyoming,2006,130
Cat Coneheads,2006,131
Catch Amistad,2006,132
Cause Date,2006,133
Celebrity Horn,2006,134
Center Dinosaur,2006,135
Chainsaw Uptown,2006,136
Champion Flatliners,2006,137
Chance Resurrection,2006,138
Clash Freddy,2006,139
Chaplin License,2006,140
Charade Duffel,2006,141
Chariots Conspiracy,2006,142
Chasing Fight,2006,143
Cheaper Clyde,2006,144
Chicago North,2006,145
Chicken Hellfighters,2006,146
Chill Luck,2006,147
Chinatown Gladiator,2006,148
Chisum Behavior,2006,149
Chitty Lock,2006,150
Chocolat Harry,2006,151
Chocolate Duck,2006,152
Christmas Moonshine,2006,153
Cider Desire,2006,154
Cincinatti Whisperer,2006,155
Circus Youth,2006,156
Citizen Shrek,2006,157
Cleopatra Devil,2006,158
Clerks Angels,2006,159
Clockwork Paradise,2006,160
Clones Pinocchio,2006,161
Closer Bang,2006,162
Club Graffiti,2006,163
Clue Grail,2006,164
Clueless Bucket,2006,165
Clyde Theory,2006,166
Coast Rainbow,2006,167
Core Suit,2006,168
Coldblooded Darling,2006,169
Color Philadelphia,2006,170
Coma Head,2006,171
Comancheros Enemy,2006,172
Comforts Rush,2006,173
Command Darling,2006,174
Commandments Express,2006,175
Coneheads Smoochy,2006,176
Confessions Maguire,2006,177
Confidential Interview,2006,178
Confused Candles,2006,179
Congeniality Quest,2006,180
Connecticut Tramp,2006,181
Connection Microcosmos,2006,182
Conquerer Nuts,2006,183
Conspiracy Spirit,2006,184
Contact Anonymous,2006,185
Control Anthem,2006,186
Conversation Downhill,2006,187
Cowboy Doom,2006,188
Craft Outfield,2006,189
Cranes Reservoir,2006,190
Crazy Home,2006,191
Creatures Shakespeare,2006,192
Creepers Kane,2006,193
Crooked Frogmen,2006,194
Crossing Divorce,2006,195
Crossroads Casualties,2006,196
Crow Grease,2006,197
Crowds Telemark,2006,198
Cruelty Unforgiven,2006,199
Crusade Honey,2006,200
Crystal Breaking,2006,201
Cupboard Sinners,2006,202
Curtain Videotape,2006,203
Cyclone Family,2006,204
Daddy Pittsburgh,2006,205
Daisy Menagerie,2006,206
Dalmations Sweden,2006,207
Dances None,2006,208
Dancing Fever,2006,209
Dangerous Uptown,2006,210
Dares Pluto,2006,211
Darkness War,2006,212
Darko Dorado,2006,213
Darling Breaking,2006,214
Darn Forrester,2006,215
Daughter Madigan,2006,216
Dawn Pond,2006,217
Day Unfaithful,2006,218
Dazed Punk,2006,219
Deceiver Betrayed,2006,220
Deep Crusade,2006,221
Deer Virginian,2006,222
Deliverance Mulholland,2006,223
Desert Poseidon,2006,224
Desire Alien,2006,225
Desperate Trainspotting,2006,226
Destination Jerk,2006,227
Destiny Saturday,2006,228
Details Packer,2006,229
Detective Vision,2006,230
Devil Desire,2006,231
Diary Panic,2006,232
Dinosaur Secretary,2006,233
Dirty Ace,2006,234
Disciple Mother,2006,235
Disturbing Scarface,2006,236
Divide Monster,2006,237
Divine Resurrection,2006,238
Divorce Shining,2006,239
Doctor Grail,2006,240
Dogma Family,2006,241
Dolls Rage,2006,242
Donnie Alley,2006,243
Doom Dancing,2006,244
Doors President,2006,245
Dorado Notting,2006,246
Double Wrath,2006,247
Doubtfire Labyrinth,2006,248
Downhill Enough,2006,249
Dozen Lion,2006,250
Dracula Crystal,2006,251
Dragon Squad,2006,252
Dragonfly Strangers,2006,253
Dream Pickup,2006,254
Drifter Commandments,2006,255
Driver Annie,2006,256
Driving Polish,2006,257
Drop Waterfront,2006,258
Drumline Cyclone,2006,259
Drums Dynamite,2006,260
Duck Racer,2006,261
Dude Blindness,2006,262
Duffel Apocalypse,2006,263
Dumbo Lust,2006,264
Durham Panky,2006,265
Dwarfs Alter,2006,266
Dynamite Tarzan,2006,267
Eagles Panky,2006,268
Early Home,2006,269
Earring Instinct,2006,270
Earth Vision,2006,271
Easy Gladiator,2006,272
Edge Kissing,2006,273
Effect Gladiator,2006,274
Egg Igby,2006,275
Egypt Tenenbaums,2006,276
Element Freddy,2006,277
Elephant Trojan,2006,278
Elf Murder,2006,279
Elizabeth Shane,2006,280
Empire Malkovich,2006,281
Encino Elf,2006,282
Encounters Curtain,2006,283
Ending Crowds,2006,284
Enemy Odds,2006,285
English Bulworth,2006,286
Enough Raging,2006,287
Entrapment Satisfaction,2006,288
Escape Metropolis,2006,289
Eve Resurrection,2006,290
Everyone Craft,2006,291
Evolution Alter,2006,292
Excitement Eve,2006,293
Exorcist Sting,2006,294
Expecations Natural,2006,295
Expendable Stallion,2006,296
Express Lonely,2006,297
Extraordinary Conquerer,2006,298
Eyes Driving,2006,299
Factory Dragon,2006,300
Falcon Volume,2006,301
Family Sweet,2006,302
Fantasia Park,2006,303
Fantasy Troopers,2006,304
Fargo Gandhi,2006,305
Fatal Haunted,2006,306
Feathers Metal,2006,307
Fellowship Autumn,2006,308
Ferris Mother,2006,309
Feud Frogmen,2006,310
Fever Empire,2006,311
Fiction Christmas,2006,312
Fiddler Lost,2006,313
Fidelity Devil,2006,314
Fight Jawbreaker,2006,315
Finding Anaconda,2006,316
Fire Wolves,2006,317
Fireball Philadelphia,2006,318
Firehouse Vietnam,2006,319
Fish Opus,2006,320
Flamingos Connecticut,2006,321
Flash Wars,2006,322
Flatliners Killer,2006,323
Flight Lies,2006,324
Flintstones Happiness,2006,325
Floats Garden,2006,326
Flying Hook,2006,327
Fool Mockingbird,2006,328
Forever Candidate,2006,329
Forrest Sons,2006,330
Forrester Comancheros,2006,331
Forward Temple,2006,332
Frankenstein Stranger,2006,333
Freaky Pocus,2006,334
Freddy Storm,2006,335
Freedom Cleopatra,2006,336
French Holiday,2006,337
Frida Slipper,2006,338
Frisco Forrest,2006,339
Frogmen Breaking,2006,340
Frontier Cabin,2006,341
Frost Head,2006,342
Fugitive Maguire,2006,343
Full Flatliners,2006,344
Fury Murder,2006,345
Gables Metropolis,2006,346
Galaxy Sweethearts,2006,347
Games Bowfinger,2006,348
Gandhi Kwai,2006,349
Gangs Pride,2006,350
Garden Island,2006,351
Gaslight Crusade,2006,352
Gathering Calendar,2006,353
Gentlemen Stage,2006,354
Ghost Groundhog,2006,355
Ghostbusters Elf,2006,356
Giant Troopers,2006,357
Gilbert Pelican,2006,358
Gilmore Boiled,2006,359
Gladiator Westward,2006,360
Glass Dying,2006,361
Gleaming Jawbreaker,2006,362
Glory Tracy,2006,363
Go Purple,2006,364
Godfather Diary,2006,365
Gold River,2006,366
Goldfinger Sensibility,2006,367
Goldmine Tycoon,2006,368
Gone Trouble,2006,369
Goodfellas Salute,2006,370
Gorgeous Bingo,2006,371
Gosford Donnie,2006,372
Graceland Dynamite,2006,373
Graduate Lord,2006,374
Graffiti Love,2006,375
Grail Frankenstein,2006,376
Grapes Fury,2006,377
Grease Youth,2006,378
Greatest North,2006,379
Greedy Roots,2006,380
Greek Everyone,2006,381
Grinch Massage,2006,382
Grit Clockwork,2006,383
Groove Fiction,2006,384
Groundhog Uncut,2006,385
Gump Date,2006,386
Gun Bonnie,2006,387
Gunfight Moon,2006,388
Gunfighter Mussolini,2006,389
Guys Falcon,2006,390
Half Outfield,2006,391
Hall Cassidy,2006,392
Halloween Nuts,2006,393
Hamlet Wisdom,2006,394
Identity Lover,2006,395
Handicap Boondock,2006,396
Hanging Deep,2006,397
Hanky October,2006,398
Hanover Galaxy,2006,399
Happiness United,2006,400
Hardly Robbers,2006,401
Harold French,2006,402
Harper Dying,2006,403
Harry Idaho,2006,404
Hate Handicap,2006,405
Haunted Antitrust,2006,406
Haunting Pianist,2006,407
Hawk Chill,2006,408
Head Stranger,2006,409
Heartbreakers Bright,2006,410
Heaven Freedom,2006,411
Heavenly Gun,2006,412
Heavyweights Beast,2006,413
Hedwig Alter,2006,414
Hellfighters Sierra,2006,415
High Encino,2006,416
Highball Potter,2006,417
Hills Neighbors,2006,418
Hobbit Alien,2006,419
Hocus Frida,2006,420
Holes Brannigan,2006,421
Holiday Games,2006,422
Hollow Jeopardy,2006,423
Hollywood Anonymous,2006,424
Holocaust Highball,2006,425
Holy Tadpole,2006,426
Home Pity,2006,427
Homeward Cider,2006,428
Homicide Peach,2006,429
Honey Ties,2006,430
Hook Chariots,2006,431
Idols Snatchers,2006,432
Hoosiers Birdcage,2006,433
Hope Tootsie,2006,434
Horn Working,2006,435
Horror Reign,2006,436
Hotel Happiness,2006,437
Hours Rage,2006,438
House Dynamite,2006,439
Human Graffiti,2006,440
Hunchback Impossible,2006,441
Hunger Roof,2006,442
Hunter Alter,2006,443
Hunting Musketeers,2006,444
Hurricane Affair,2006,445
Hustler Party,2006,446
Hyde Doctor,2006,447
Hysterical Grail,2006,448
Ice Crossing,2006,449
Idaho Love,2006,450
Igby Maker,2006,451
Illusion Amelie,2006,452
Image Princess,2006,453
Impact Aladdin,2006,454
Impossible Prejudice,2006,455
Inch Jet,2006,456
Independence Hotel,2006,457
Indian Love,2006,458
Informer Double,2006,459
Innocent Usual,2006,460
Insects Stone,2006,461
Insider Arizona,2006,462
Instinct Airport,2006,463
Intentions Empire,2006,464
Interview Liaisons,2006,465
Intolerable Intentions,2006,466
Intrigue Worst,2006,467
Invasion Cyclone,2006,468
Iron Moon,2006,469
Ishtar Rocketeer,2006,470
Island Exorcist,2006,471
Italian African,2006,472
Jacket Frisco,2006,473
Jade Bunch,2006,474
Japanese Run,2006,475
Jason Trap,2006,476
Jawbreaker Brooklyn,2006,477
Jaws Harry,2006,478
Jedi Beneath,2006,479
Jeepers Wedding,2006,480
Jekyll Frogmen,2006,481
Jeopardy Encino,2006,482
Jericho Mulan,2006,483
Jerk Paycheck,2006,484
Jersey Sassy,2006,485
Jet Neighbors,2006,486
Jingle Sagebrush,2006,487
Joon Northwest,2006,488
Juggler Hardly,2006,489
Jumanji Blade,2006,490
Jumping Wrath,2006,491
Jungle Closer,2006,492
Kane Exorcist,2006,493
Karate Moon,2006,494
Kentuckian Giant,2006,495
Kick Savannah,2006,496
Kill Brotherhood,2006,497
Killer Innocent,2006,498
King Evolution,2006,499
Kiss Glory,2006,500
Kissing Dolls,2006,501
Knock Warlock,2006,502
Kramer Chocolate,2006,503
Kwai Homeward,2006,504
Labyrinth League,2006,505
Rush Goodfellas,2006,506
Lady Stage,2006,507
Ladybugs Armageddon,2006,508
Lambs Cincinatti,2006,509
Language Cowboy,2006,510
Lawless Vision,2006,511
Lawrence Love,2006,512
League Hellfighters,2006,513
Leathernecks Dwarfs,2006,514
Lebowski Soldiers,2006,515
Legally Secretary,2006,516
Legend Jedi,2006,517
Lesson Cleopatra,2006,518
Liaisons Sweet,2006,519
Liberty Magnificent,2006,520
License Weekend,2006,521
Lies Treatment,2006,522
Life Twisted,2006,523
Lights Deer,2006,524
Mars Roman,2006,525
Lion Uncut,2006,526
Loathing Legally,2006,527
Lock Rear,2006,528
Lola Agent,2006,529
Lolita World,2006,530
Lonely Elephant,2006,531
Lord Arizona,2006,532
Lose Inch,2006,533
Loser Hustler,2006,534
Lost Bird,2006,535
Louisiana Harry,2006,536
Love Suicides,2006,537
Lovely Jingle,2006,538
Lover Truman,2006,539
Loverboy Attacks,2006,540
Luck Opus,2006,541
Lucky Flying,2006,542
Luke Mummy,2006,543
Mask Peach,2006,544
Lust Lock,2006,545
Madigan Dorado,2006,546
Madison Trap,2006,547
Madness Attacks,2006,548
Madre Gables,2006,549
Magic Mallrats,2006,550
Magnificent Chitty,2006,551
Magnolia Forrester,2006,552
Maguire Apache,2006,553
Maiden Home,2006,554
Majestic Floats,2006,555
Maker Gables,2006,556
Malkovich Pet,2006,557
Mallrats United,2006,558
Maltese Hope,2006,559
Manchurian Curtain,2006,560
Mannequin Worst,2006,561
Married Go,2006,562
Masked Bubble,2006,563
Massacre Usual,2006,564
Massage Image,2006,565
Matrix Snowman,2006,566
Maude Mod,2006,567
Meet Chocolate,2006,568
Memento Zoolander,2006,569
Menagerie Rushmore,2006,570
Mermaid Insects,2006,571
Metal Armageddon,2006,572
Metropolis Coma,2006,573
Microcosmos Paradise,2006,574
Midnight Westward,2006,575
Midsummer Groundhog,2006,576
Mighty Luck,2006,577
Mile Mulan,2006,578
Million Ace,2006,579
Minds Truman,2006,580
Mine Titans,2006,581
Minority Kiss,2006,582
Miracle Virtual,2006,583
Mission Zoolander,2006,584
Mixed Doors,2006,585
Mob Duffel,2006,586
Mockingbird Hollywood,2006,587
Mod Secretary,2006,588
Model Fish,2006,589
Modern Dorado,2006,590
Money Harold,2006,591
Monsoon Cause,2006,592
Monster Spartacus,2006,593
Monterey Labyrinth,2006,594
Montezuma Command,2006,595
Moon Bunch,2006,596
Moonshine Cabin,2006,597
Moonwalker Fool,2006,598
Mosquito Armageddon,2006,599
Mother Oleander,2006,600
Motions Details,2006,601
Moulin Wake,2006,602
Mourning Purple,2006,603
Movie Shakespeare,2006,604
Mulan Moon,2006,605
Mulholland Beast,2006,606
Mummy Creatures,2006,607
Muppet Mile,2006,608
Murder Antitrust,2006,609
Muscle Bright,2006,610
Music Boondock,2006,611
Musketeers Wait,2006,612
Mussolini Spoilers,2006,613
Mystic Truman,2006,614
Name Detective,2006,615
Nash Chocolat,2006,616
National Story,2006,617
Natural Stock,2006,618
Necklace Outbreak,2006,619
Neighbors Charade,2006,620
Nemo Campus,2006,621
Network Peak,2006,622
Newsies Story,2006,623
Newton Labyrinth,2006,624
Nightmare Chill,2006,625
None Spiking,2006,626
Noon Papi,2006,627
North Tequila,2006,628
Northwest Polish,2006,629
Notorious Reunion,2006,630
Notting Speakeasy,2006,631
Novocaine Flight,2006,632
Nuts Ties,2006,633
October Submarine,2006,634
Odds Boogie,2006,635
Oklahoma Jumanji,2006,636
Oleander Clue,2006,637
Open African,2006,638
Operation Operation,2006,639
Opposite Necklace,2006,640
Opus Ice,2006,641
Orange Grapes,2006,642
Order Betrayed,2006,643
Orient Closer,2006,644
Oscar Gold,2006,645
Others Soup,2006,646
Outbreak Divine,2006,647
Outfield Massacre,2006,648
Outlaw Hanky,2006,649
Oz Liaisons,2006,650
Pacific Amistad,2006,651
Packer Madigan,2006,652
Pajama Jawbreaker,2006,653
Panic Club,2006,654
Panky Submarine,2006,655
Panther Reds,2006,656
Papi Necklace,2006,657
Paradise Sabrina,2006,658
Paris Weekend,2006,659
Park Citizen,2006,660
Party Knock,2006,661
Past Suicides,2006,662
Paths Control,2006,663
Patient Sister,2006,664
Patriot Roman,2006,665
Patton Interview,2006,666
Paycheck Wait,2006,667
Peach Innocent,2006,668
Peak Forever,2006,669
Pearl Destiny,2006,670
Pelican Comforts,2006,671
Perdition Fargo,2006,672
Perfect Groove,2006,673
Personal Ladybugs,2006,674
Pet Haunting,2006,675
Phantom Glory,2006,676
Philadelphia Wife,2006,677
Pianist Outfield,2006,678
Pickup Driving,2006,679
Pilot Hoosiers,2006,680
Pinocchio Simon,2006,681
Pirates Roxanne,2006,682
Pittsburgh Hunchback,2006,683
Pity Bound,2006,684
Pizza Jumanji,2006,685
Platoon Instinct,2006,686
Pluto Oleander,2006,687
Pocus Pulp,2006,688
Polish Brooklyn,2006,689
Pollock Deliverance,2006,690
Pond Seattle,2006,691
Poseidon Forever,2006,692
Potluck Mixed,2006,693
Potter Connecticut,2006,694
Prejudice Oleander,2006,695
President Bang,2006,696
Pride Alamo,2006,697
Primary Glass,2006,698
Princess Giant,2006,699
Private Drop,2006,700
Prix Undefeated,2006,701
Psycho Shrunk,2006,702
Pulp Beverly,2006,703
Punk Divorce,2006,704
Pure Runner,2006,705
Purple Movie,2006,706
Queen Luke,2006,707
Quest Mussolini,2006,708
Quills Bull,2006,709
Racer Egg,2006,710
Rage Games,2006,711
Raging Airplane,2006,712
Raiders Antitrust,2006,713
Rainbow Shock,2006,714
Random Go,2006,715
Range Moonwalker,2006,716
Reap Unfaithful,2006,717
Rear Trading,2006,718
Rebel Airport,2006,719
Records Zorro,2006,720
Redemption Comforts,2006,721
Reds Pocus,2006,722
Reef Salute,2006,723
Reign Gentlemen,2006,724
Remember Diary,2006,725
Requiem Tycoon,2006,726
Reservoir Adaptation,2006,727
Resurrection Silverado,2006,728
Reunion Witches,2006,729
Rider Caddyshack,2006,730
Ridgemont Submarine,2006,731
Right Cranes,2006,732
Rings Heartbreakers,2006,733
River Outlaw,2006,734
Road Roxanne,2006,735
Robbers Joon,2006,736
Robbery Bright,2006,737
Rock Instinct,2006,738
Rocketeer Mother,2006,739
Rocky War,2006,740
Rollercoaster Bringing,2006,741
Roman Punk,2006,742
Roof Champion,2006,743
Room Roman,2006,744
Roots Remember,2006,745
Roses Treasure,2006,746
Rouge Squad,2006,747
Roxanne Rebel,2006,748
Rugrats Shakespeare,2006,749
Rules Human,2006,750
Run Pacific,2006,751
Runaway Tenenbaums,2006,752
Runner Madigan,2006,753
Rushmore Mermaid,2006,754
Sabrina Midnight,2006,755
Saddle Antitrust,2006,756
Sagebrush Clueless,2006,757
Saints Bride,2006,758
Salute Apollo,2006,759
Samurai Lion,2006,760
Santa Paris,2006,761
Sassy Packer,2006,762
Satisfaction Confidential,2006,763
Saturday Lambs,2006,764
Saturn Name,2006,765
Savannah Town,2006,766
Scalawag Duck,2006,767
Scarface Bang,2006,768
School Jacket,2006,769
Scissorhands Slums,2006,770
Ship Wonderland,2006,771
Scorpion Apollo,2006,772
Sea Virgin,2006,773
Seabiscuit Punk,2006,774
Searchers Wait,2006,775
Seattle Expecations,2006,776
Secret Groundhog,2006,777
Secretary Rouge,2006,778
Secrets Paradise,2006,779
Sense Greek,2006,780
Sensibility Rear,2006,781
Seven Swarm,2006,782
Shakespeare Saddle,2006,783
Shane Darkness,2006,784
Shanghai Tycoon,2006,785
Shawshank Bubble,2006,786
Shepherd Midsummer,2006,787
Shining Roses,2006,788
Shock Cabin,2006,789
Shootist Superfly,2006,790
Show Lord,2006,791
Shrek License,2006,792
Shrunk Divine,2006,793
Side Ark,2006,794
Siege Madre,2006,795
Sierra Divide,2006,796
Silence Kane,2006,797
Silverado Goldfinger,2006,798
Simon North,2006,799
Sinners Atlantis,2006,800
Sister Freddy,2006,801
Sky Miracle,2006,802
Slacker Liaisons,2006,803
Sleeping Suspects,2006,804
Sleepless Monsoon,2006,805
Sleepy Japanese,2006,806
Sleuth Orient,2006,807
Sling Luke,2006,808
Slipper Fidelity,2006,809
Slums Duck,2006,810
Smile Earring,2006,811
Smoking Barbarella,2006,812
Smoochy Control,2006,813
Snatch Slipper,2006,814
Snatchers Montezuma,2006,815
Snowman Rollercoaster,2006,816
Soldiers Evolution,2006,817
Something Duck,2006,818
Song Hedwig,2006,819
Sons Interview,2006,820
Sorority Queen,2006,821
Soup Wisdom,2006,822
South Wait,2006,823
Spartacus Cheaper,2006,824
Speakeasy Date,2006,825
Speed Suit,2006,826
Spice Sorority,2006,827
Spiking Element,2006,828
Spinal Rocky,2006,829
Spirit Flintstones,2006,830
Spirited Casualties,2006,831
Splash Gump,2006,832
Splendor Patton,2006,833
Spoilers Hellfighters,2006,834
Spy Mile,2006,835
Squad Fish,2006,836
Stage World,2006,837
Stagecoach Armageddon,2006,838
Stallion Sundance,2006,839
Stampede Disturbing,2006,840
Star Operation,2006,841
State Wasteland,2006,842
Steel Santa,2006,843
Steers Armageddon,2006,844
Stepmom Dream,2006,845
Sting Personal,2006,846
Stock Glass,2006,847
Stone Fire,2006,848
Storm Happiness,2006,849
Story Side,2006,850
Straight Hours,2006,851
Strangelove Desire,2006,852
Stranger Strangers,2006,853
Tights Dawn,2006,854
Strangers Graffiti,2006,855
Streak Ridgemont,2006,856
Streetcar Intentions,2006,857
Strictly Scarface,2006,858
Submarine Bed,2006,859
Sugar Wonka,2006,860
Suicides Silence,2006,861
Suit Walls,2006,862
Summer Scarface,2006,863
Sun Confessions,2006,864
Sundance Invasion,2006,865
Sunrise League,2006,866
Sunset Racer,2006,867
Super Wyoming,2006,868
Superfly Trip,2006,869
Suspects Quills,2006,870
Swarm Gold,2006,871
Sweden Shining,2006,872
Timberland Sky,2006,873
Sweet Brotherhood,2006,874
Sweethearts Suspects,2006,875
Tadpole Park,2006,876
Talented Homicide,2006,877
Tarzan Videotape,2006,878
Taxi Kick,2006,879
Teen Apollo,2006,880
Telegraph Voyage,2006,881
Telemark Heartbreakers,2006,882
Temple Attraction,2006,883
Tenenbaums Command,2006,884
Tequila Past,2006,885
Terminator Club,2006,886
Texas Watch,2006,887
Theory Mermaid,2006,888
Thief Pelican,2006,889
Thin Sagebrush,2006,890
Ties Hunger,2006,891
Titanic Boondock,2006,892
Titans Jerk,2006,893
Tomatoes Hellfighters,2006,894
Tomorrow Hustler,2006,895
Tootsie Pilot,2006,896
Torque Bound,2006,897
Tourist Pelican,2006,898
Towers Hurricane,2006,899
Town Ark,2006,900
Tracy Cider,2006,901
Trading Pinocchio,2006,902
Traffic Hobbit,2006,903
Train Bunch,2006,904
Trainspotting Strangers,2006,905
Tramp Others,2006,906
Translation Summer,2006,907
Trap Guys,2006,908
Treasure Command,2006,909
Treatment Jekyll,2006,910
Trip Newton,2006,911
Trojan Tomorrow,2006,912
Troopers Metal,2006,913
Trouble Date,2006,914
Truman Crazy,2006,915
Turn Star,2006,916
Tuxedo Mile,2006,917
Twisted Pirates,2006,918
Tycoon Gathering,2006,919
Unbreakable Karate,2006,920
Uncut Suicides,2006,921
Undefeated Dalmations,2006,922
Unfaithful Kill,2006,923
Unforgiven Zoolander,2006,924
United Pilot,2006,925
Untouchables Sunrise,2006,926
Uprising Uptown,2006,927
Uptown Young,2006,928
Usual Untouchables,2006,929
Vacation Boondock,2006,930
Valentine Vanishing,2006,931
Valley Packer,2006,932
Vampire Whale,2006,933
Vanilla Day,2006,934
Vanished Garden,2006,935
Vanishing Rocky,2006,936
Varsity Trip,2006,937
Velvet Terminator,2006,938
Vertigo Northwest,2006,939
Victory Academy,2006,940
Videotape Arsenic,2006,941
Vietnam Smoochy,2006,942
Villain Desperate,2006,943
Virgin Daisy,2006,944
Virginian Pluto,2006,945
Virtual Spoilers,2006,946
Vision Torque,2006,947
Voice Peach,2006,948
Volcano Texas,2006,949
Volume House,2006,950
Voyage Legally,2006,951
Wagon Jaws,2006,952
Wait Cider,2006,953
Wake Jaws,2006,954
Walls Artist,2006,955
Wanda Chamber,2006,956
War Notting,2006,957
Wardrobe Phantom,2006,958
Warlock Werewolf,2006,959
Wars Pluto,2006,960
Wash Heavenly,2006,961
Wasteland Divine,2006,962
Watch Tracy,2006,963
Waterfront Deliverance,2006,964
Watership Frontier,2006,965
Wedding Apollo,2006,966
Weekend Personal,2006,967
Werewolf Lola,2006,968
West Lion,2006,969
Westward Seabiscuit,2006,970
Whale Bikini,2006,971
Whisperer Giant,2006,972
Wife Turn,2006,973
Wild Apollo,2006,974
Willow Tracy,2006,975
Wind Phantom,2006,976
Window Side,2006,977
Wisdom Worker,2006,978
Witches Panic,2006,979
Wizard Coldblooded,2006,980
Wolves Desire,2006,981
Women Dorado,2006,982
Won Dares,2006,983
Wonderful Drop,2006,984
Wonderland Christmas,2006,985
Wonka Sea,2006,986
Words Hunter,2006,987
Worker Tarzan,2006,988
Working Microcosmos,2006,989
World Leathernecks,2006,990
Worst Banger,2006,991
Wrath Mile,2006,992
Wrong Behavior,2006,993
Wyoming Storm,2006,994
Yentl Idaho,2006,995
Young Language,2006,996
Youth Kick,2006,997
Zhivago Core,2006,998
Zoolander Fiction,2006,999
Zorro Ark,2006,1000
