"title","rental_rate","kategori"
French Holiday,4.99,Premium
Bucket Brotherhood,4.99,Premium
Frisco Forrest,4.99,Premium
Prejudice Oleander,4.99,Premium
Frontier Cabin,4.99,Premium
Poseidon Forever,4.99,Premium
Fugitive Maguire,4.99,Premium
Wyoming Storm,4.99,Premium
Pluto Oleander,4.99,Premium
Platoon Instinct,4.99,Premium
Galaxy Sweethearts,4.99,Premium
Games Bowfinger,4.99,Premium
Pity Bound,4.99,Premium
Trap Guys,4.99,Premium
Garden Island,4.99,Premium
Waterfront Deliverance,4.99,Premium
Pittsburgh Hunchback,4.99,Premium
Working Microcosmos,4.99,Premium
Ghost Groundhog,4.99,Premium
Pinocchio Simon,4.99,Premium
Trainspotting Strangers,4.99,Premium
Philadelphia Wife,4.99,Premium
Perdition Fargo,4.99,Premium
Gladiator Westward,4.99,Premium
Pelican Comforts,4.99,Premium
Train Bunch,4.99,Premium
Traffic Hobbit,4.99,Premium
Peak Forever,4.99,Premium
Trading Pinocchio,4.99,Premium
Gold River,4.99,Premium
Paycheck Wait,4.99,Premium
Paths Control,4.99,Premium
Calendar Gunfight,4.99,Premium
Goodfellas Salute,4.99,Premium
California Birds,4.99,Premium
Gosford Donnie,4.99,Premium
Graceland Dynamite,4.99,Premium
Tourist Pelican,4.99,Premium
Past Suicides,4.99,Premium
Chamber Italian,4.99,Premium
Park Citizen,4.99,Premium
Panther Reds,4.99,Premium
Wash Heavenly,4.99,Premium
Panky Submarine,4.99,Premium
War Notting,4.99,Premium
Grinch Massage,4.99,Premium
Panic Club,4.99,Premium
Outlaw Hanky,4.99,Premium
Groundhog Uncut,4.99,Premium
Gump Date,4.99,Premium
Opus Ice,4.99,Premium
Opposite Necklace,4.99,Premium
Candles Grapes,4.99,Premium
Guys Falcon,4.99,Premium
Torque Bound,4.99,Premium
Hall Cassidy,4.99,Premium
Titans Jerk,4.99,Premium
Caribbean Liberty,4.99,Premium
Wanda Chamber,4.99,Premium
Open African,4.99,Premium
Hanging Deep,4.99,Premium
Titanic Boondock,4.99,Premium
Hanover Galaxy,4.99,Premium
Casablanca Super,4.99,Premium
Casper Dragonfly,4.99,Premium
October Submarine,4.99,Premium
Nuts Ties,4.99,Premium
Harry Idaho,4.99,Premium
North Tequila,4.99,Premium
Haunted Antitrust,4.99,Premium
Nightmare Chill,4.99,Premium
Name Detective,4.99,Premium
Head Stranger,4.99,Premium
Heartbreakers Bright,4.99,Premium
Walls Artist,4.99,Premium
Heavenly Gun,4.99,Premium
Heavyweights Beast,4.99,Premium
Cat Coneheads,4.99,Premium
Ties Hunger,4.99,Premium
Ali Forever,4.99,Premium
Musketeers Wait,4.99,Premium
Muppet Mile,4.99,Premium
Movie Shakespeare,4.99,Premium
Thin Sagebrush,4.99,Premium
Holes Brannigan,4.99,Premium
Holiday Games,4.99,Premium
Hollow Jeopardy,4.99,Premium
Moonwalker Fool,4.99,Premium
Moonshine Cabin,4.99,Premium
Monsoon Cause,4.99,Premium
Home Pity,4.99,Premium
Model Fish,4.99,Premium
Center Dinosaur,4.99,Premium
Mod Secretary,4.99,Premium
Mission Zoolander,4.99,Premium
Thief Pelican,4.99,Premium
Champion Flatliners,4.99,Premium
Dying Maker,4.99,Premium
Wonderland Christmas,4.99,Premium
Mine Titans,4.99,Premium
Hotel Happiness,4.99,Premium
Minds Truman,4.99,Premium
Attacks Hate,4.99,Premium
Attraction Newton,4.99,Premium
Hunchback Impossible,4.99,Premium
Million Ace,4.99,Premium
Autumn Crow,4.99,Premium
Chasing Fight,4.99,Premium
Terminator Club,4.99,Premium
Hustler Party,4.99,Premium
Chicago North,4.99,Premium
Hysterical Grail,4.99,Premium
Tequila Past,4.99,Premium
Temple Attraction,4.99,Premium
Igby Maker,4.99,Premium
Midsummer Groundhog,4.99,Premium
Chinatown Gladiator,4.99,Premium
Mermaid Insects,4.99,Premium
Impossible Prejudice,4.99,Premium
Inch Jet,4.99,Premium
Memento Zoolander,4.99,Premium
Matrix Snowman,4.99,Premium
Informer Double,4.99,Premium
Innocent Usual,4.99,Premium
Massacre Usual,4.99,Premium
Chisum Behavior,4.99,Premium
Baby Hall,4.99,Premium
Telegraph Voyage,4.99,Premium
Interview Liaisons,4.99,Premium
Intolerable Intentions,4.99,Premium
Maltese Hope,4.99,Premium
Backlash Undefeated,4.99,Premium
Iron Moon,4.99,Premium
Ishtar Rocketeer,4.99,Premium
Teen Apollo,4.99,Premium
Italian African,4.99,Premium
Grosse Wonderful,4.99,Premium
Cincinatti Whisperer,4.99,Premium
Maiden Home,4.99,Premium
Airport Pollock,4.99,Premium
Madigan Dorado,4.99,Premium
Sweden Shining,4.99,Premium
Loser Hustler,4.99,Premium
Super Wyoming,4.99,Premium
Clerks Angels,4.99,Premium
Lola Agent,4.99,Premium
Sunrise League,4.99,Premium
Casualties Encino,4.99,Premium
Jersey Sassy,4.99,Premium
Jet Neighbors,4.99,Premium
Jingle Sagebrush,4.99,Premium
Lies Treatment,4.99,Premium
Liaisons Sweet,4.99,Premium
Closer Bang,4.99,Premium
Legally Secretary,4.99,Premium
League Hellfighters,4.99,Premium
Lawless Vision,4.99,Premium
Lambs Cincinatti,4.99,Premium
Suit Walls,4.99,Premium
Lady Stage,4.99,Premium
Kissing Dolls,4.99,Premium
Clue Grail,4.99,Premium
King Evolution,4.99,Premium
Kiss Glory,4.99,Premium
Wizard Coldblooded,4.99,Premium
Suicides Silence,4.99,Premium
Sugar Wonka,4.99,Premium
Wake Jaws,4.99,Premium
Coldblooded Darling,4.99,Premium
Witches Panic,4.99,Premium
Coma Head,4.99,Premium
Submarine Bed,4.99,Premium
Volume House,4.99,Premium
Command Darling,4.99,Premium
Commandments Express,4.99,Premium
Coneheads Smoochy,4.99,Premium
Confessions Maguire,4.99,Premium
Confidential Interview,4.99,Premium
Wife Turn,4.99,Premium
Streetcar Intentions,4.99,Premium
Connecticut Tramp,4.99,Premium
Strangers Graffiti,4.99,Premium
Conquerer Nuts,4.99,Premium
Amelie Hellfighters,4.99,Premium
American Circus,4.99,Premium
Control Anthem,4.99,Premium
Conversation Downhill,4.99,Premium
Bright Encounters,4.99,Premium
Stranger Strangers,4.99,Premium
Whisperer Giant,4.99,Premium
Beast Hunchback,4.99,Premium
Sting Personal,4.99,Premium
Creepers Kane,4.99,Premium
Stepmom Dream,4.99,Premium
Crossing Divorce,4.99,Premium
Beauty Grease,4.99,Premium
Steers Armageddon,4.99,Premium
Crowds Telemark,4.99,Premium
Steel Santa,4.99,Premium
Zorro Ark,4.99,Premium
Virtual Spoilers,4.99,Premium
Virgin Daisy,4.99,Premium
Stagecoach Armageddon,4.99,Premium
Behavior Runaway,4.99,Premium
Daddy Pittsburgh,4.99,Premium
Daisy Menagerie,4.99,Premium
Spice Sorority,4.99,Premium
Speed Suit,4.99,Premium
Spartacus Cheaper,4.99,Premium
Dangerous Uptown,4.99,Premium
Villain Desperate,4.99,Premium
Airplane Sierra,4.99,Premium
Darko Dorado,4.99,Premium
Darling Breaking,4.99,Premium
Darn Forrester,4.99,Premium
Daughter Madigan,4.99,Premium
Dawn Pond,4.99,Premium
Day Unfaithful,4.99,Premium
Dazed Punk,4.99,Premium
Something Duck,4.99,Premium
Deep Crusade,4.99,Premium
Betrayed Rear,4.99,Premium
Soldiers Evolution,4.99,Premium
Desert Poseidon,4.99,Premium
Whale Bikini,4.99,Premium
Desperate Trainspotting,4.99,Premium
Snatch Slipper,4.99,Premium
Destiny Saturday,4.99,Premium
Details Packer,4.99,Premium
Sleepless Monsoon,4.99,Premium
Devil Desire,4.99,Premium
Bikini Borrowers,4.99,Premium
Bilko Anonymous,4.99,Premium
West Lion,4.99,Premium
Sleeping Suspects,4.99,Premium
Anthem Luke,4.99,Premium
Birch Antitrust,4.99,Premium
Bird Independence,4.99,Premium
Videotape Arsenic,4.99,Premium
Birds Perdition,4.99,Premium
Dogma Family,4.99,Premium
Ace Goldfinger,4.99,Premium
Slacker Liaisons,4.99,Premium
Sister Freddy,4.99,Premium
Doors President,4.99,Premium
Dorado Notting,4.99,Premium
Silverado Goldfinger,4.99,Premium
Doubtfire Labyrinth,4.99,Premium
Show Lord,4.99,Premium
Dozen Lion,4.99,Premium
Shawshank Bubble,4.99,Premium
Seven Swarm,4.99,Premium
Dragonfly Strangers,4.99,Premium
Velvet Terminator,4.99,Premium
Drifter Commandments,4.99,Premium
Aladdin Calendar,4.99,Premium
Driving Polish,4.99,Premium
Drop Waterfront,4.99,Premium
Sensibility Rear,4.99,Premium
Sense Greek,4.99,Premium
Blindness Gun,4.99,Premium
Dude Blindness,4.99,Premium
Secrets Paradise,4.99,Premium
Secretary Rouge,4.99,Premium
Durham Panky,4.99,Premium
Vanilla Day,4.99,Premium
Secret Groundhog,4.99,Premium
Eagles Panky,4.99,Premium
Early Home,4.99,Premium
Seattle Expecations,4.99,Premium
Scorpion Apollo,4.99,Premium
Easy Gladiator,4.99,Premium
Edge Kissing,4.99,Premium
School Jacket,4.99,Premium
Apache Divine,4.99,Premium
Scarface Bang,4.99,Premium
Element Freddy,4.99,Premium
Elephant Trojan,4.99,Premium
Elf Murder,4.99,Premium
Elizabeth Shane,4.99,Premium
Scalawag Duck,4.99,Premium
Saturn Name,4.99,Premium
Saturday Lambs,4.99,Premium
Satisfaction Confidential,4.99,Premium
Enemy Odds,4.99,Premium
Sabrina Midnight,4.99,Premium
Boiled Dares,4.99,Premium
Rules Human,4.99,Premium
Vampire Whale,4.99,Premium
Eve Resurrection,4.99,Premium
Roses Treasure,4.99,Premium
Rocky War,4.99,Premium
Road Roxanne,4.99,Premium
Boogie Amelie,4.99,Premium
Expecations Natural,4.99,Premium
Right Cranes,4.99,Premium
Usual Untouchables,4.99,Premium
Born Spinal,4.99,Premium
Undefeated Dalmations,4.99,Premium
Requiem Tycoon,4.99,Premium
Falcon Volume,4.99,Premium
Reds Pocus,4.99,Premium
Tycoon Gathering,4.99,Premium
Records Zorro,4.99,Premium
Twisted Pirates,4.99,Premium
Bowfinger Gables,4.99,Premium
Range Moonwalker,4.99,Premium
Fellowship Autumn,4.99,Premium
Brannigan Sunrise,4.99,Premium
Rainbow Shock,4.99,Premium
Fever Empire,4.99,Premium
Raging Airplane,4.99,Premium
Fiddler Lost,4.99,Premium
Fidelity Devil,4.99,Premium
Rage Games,4.99,Premium
Quills Bull,4.99,Premium
Fire Wolves,4.99,Premium
Queen Luke,4.99,Premium
Punk Divorce,4.99,Premium
Apocalypse Flamingos,4.99,Premium
Flamingos Connecticut,4.99,Premium
Flash Wars,4.99,Premium
Breakfast Goldfinger,4.99,Premium
Flight Lies,4.99,Premium
Flintstones Happiness,4.99,Premium
Yentl Idaho,4.99,Premium
Truman Crazy,4.99,Premium
Fool Mockingbird,4.99,Premium
Werewolf Lola,4.99,Premium
Brooklyn Desert,4.99,Premium
Forrester Comancheros,4.99,Premium
Trip Newton,4.99,Premium
Private Drop,4.99,Premium
Bubble Grosse,4.99,Premium
Freddy Storm,4.99,Premium
President Bang,4.99,Premium
Grail Frankenstein,2.99,Regular
Adaptation Holes,2.99,Regular
Affair Prejudice,2.99,Regular
African Egg,2.99,Regular
Agent Truman,2.99,Regular
Alabama Devil,2.99,Regular
Alien Center,2.99,Regular
Alley Evolution,2.99,Regular
Amistad Midsummer,2.99,Regular
Analyze Hoosiers,2.99,Regular
Angels Life,2.99,Regular
Antitrust Tomatoes,2.99,Regular
Anything Savannah,2.99,Regular
Apollo Teen,2.99,Regular
Arachnophobia Rollercoaster,2.99,Regular
Arizona Bang,2.99,Regular
Artist Coldblooded,2.99,Regular
Atlantis Cause,2.99,Regular
Badman Dawn,2.99,Regular
Baked Cleopatra,2.99,Regular
Balloon Homeward,2.99,Regular
Bang Kwai,2.99,Regular
Barbarella Streetcar,2.99,Regular
Barefoot Manchurian,2.99,Regular
Basic Easy,2.99,Regular
Beach Heartbreakers,2.99,Regular
Bear Graceland,2.99,Regular
Bed Highball,2.99,Regular
Berets Agent,2.99,Regular
Beverly Outlaw,2.99,Regular
Bill Others,2.99,Regular
Bingo Talented,2.99,Regular
Blackout Private,2.99,Regular
Blanket Beverly,2.99,Regular
Blues Instinct,2.99,Regular
Braveheart Human,2.99,Regular
Breaking Home,2.99,Regular
Bringing Hysterical,2.99,Regular
Bugsy Song,2.99,Regular
Bulworth Commandments,2.99,Regular
Bunch Minds,2.99,Regular
Campus Remember,2.99,Regular
Candidate Perdition,2.99,Regular
Carol Texas,2.99,Regular
Cassidy Wyoming,2.99,Regular
Cause Date,2.99,Regular
Chance Resurrection,2.99,Regular
Clash Freddy,2.99,Regular
Chaplin License,2.99,Regular
Charade Duffel,2.99,Regular
Chariots Conspiracy,2.99,Regular
Chitty Lock,2.99,Regular
Chocolate Duck,2.99,Regular
Cider Desire,2.99,Regular
Circus Youth,2.99,Regular
Clones Pinocchio,2.99,Regular
Clueless Bucket,2.99,Regular
Core Suit,2.99,Regular
Color Philadelphia,2.99,Regular
Comforts Rush,2.99,Regular
Confused Candles,2.99,Regular
Conspiracy Spirit,2.99,Regular
Contact Anonymous,2.99,Regular
Cowboy Doom,2.99,Regular
Cranes Reservoir,2.99,Regular
Crazy Home,2.99,Regular
Crossroads Casualties,2.99,Regular
Crusade Honey,2.99,Regular
Crystal Breaking,2.99,Regular
Cupboard Sinners,2.99,Regular
Cyclone Family,2.99,Regular
Dares Pluto,2.99,Regular
Darkness War,2.99,Regular
Deer Virginian,2.99,Regular
Desire Alien,2.99,Regular
Diary Panic,2.99,Regular
Dinosaur Secretary,2.99,Regular
Dirty Ace,2.99,Regular
Disturbing Scarface,2.99,Regular
Divide Monster,2.99,Regular
Divine Resurrection,2.99,Regular
Divorce Shining,2.99,Regular
Doctor Grail,2.99,Regular
Dolls Rage,2.99,Regular
Dream Pickup,2.99,Regular
Driver Annie,2.99,Regular
Duck Racer,2.99,Regular
Dwarfs Alter,2.99,Regular
Egg Igby,2.99,Regular
Enough Raging,2.99,Regular
Escape Metropolis,2.99,Regular
Exorcist Sting,2.99,Regular
Express Lonely,2.99,Regular
Extraordinary Conquerer,2.99,Regular
Eyes Driving,2.99,Regular
Fantasia Park,2.99,Regular
Fargo Gandhi,2.99,Regular
Fatal Haunted,2.99,Regular
Ferris Mother,2.99,Regular
Fish Opus,2.99,Regular
Flatliners Killer,2.99,Regular
Floats Garden,2.99,Regular
Flying Hook,2.99,Regular
Forever Candidate,2.99,Regular
Forrest Sons,2.99,Regular
Forward Temple,2.99,Regular
Freaky Pocus,2.99,Regular
Frida Slipper,2.99,Regular
Full Flatliners,2.99,Regular
Gangs Pride,2.99,Regular
Gaslight Crusade,2.99,Regular
Gentlemen Stage,2.99,Regular
Giant Troopers,2.99,Regular
Gleaming Jawbreaker,2.99,Regular
Glory Tracy,2.99,Regular
Godfather Diary,2.99,Regular
Gone Trouble,2.99,Regular
Gorgeous Bingo,2.99,Regular
Graduate Lord,2.99,Regular
Greatest North,2.99,Regular
Greek Everyone,2.99,Regular
Gunfighter Mussolini,2.99,Regular
Half Outfield,2.99,Regular
Halloween Nuts,2.99,Regular
Hamlet Wisdom,2.99,Regular
Identity Lover,2.99,Regular
Hanky October,2.99,Regular
Happiness United,2.99,Regular
Hardly Robbers,2.99,Regular
Heaven Freedom,2.99,Regular
Hedwig Alter,2.99,Regular
Hellfighters Sierra,2.99,Regular
High Encino,2.99,Regular
Hocus Frida,2.99,Regular
Homicide Peach,2.99,Regular
Idols Snatchers,2.99,Regular
Hoosiers Birdcage,2.99,Regular
Hope Tootsie,2.99,Regular
Horn Working,2.99,Regular
House Dynamite,2.99,Regular
Human Graffiti,2.99,Regular
Hunter Alter,2.99,Regular
Hunting Musketeers,2.99,Regular
Hurricane Affair,2.99,Regular
Hyde Doctor,2.99,Regular
Ice Crossing,2.99,Regular
Idaho Love,2.99,Regular
Image Princess,2.99,Regular
Insider Arizona,2.99,Regular
Instinct Airport,2.99,Regular
Intentions Empire,2.99,Regular
Invasion Cyclone,2.99,Regular
Island Exorcist,2.99,Regular
Jacket Frisco,2.99,Regular
Jade Bunch,2.99,Regular
Jason Trap,2.99,Regular
Jaws Harry,2.99,Regular
Jeepers Wedding,2.99,Regular
Jekyll Frogmen,2.99,Regular
Jericho Mulan,2.99,Regular
Jerk Paycheck,2.99,Regular
Jumanji Blade,2.99,Regular
Kentuckian Giant,2.99,Regular
Killer Innocent,2.99,Regular
Knock Warlock,2.99,Regular
Kramer Chocolate,2.99,Regular
Labyrinth League,2.99,Regular
Leathernecks Dwarfs,2.99,Regular
Lebowski Soldiers,2.99,Regular
Liberty Magnificent,2.99,Regular
License Weekend,2.99,Regular
Life Twisted,2.99,Regular
Lock Rear,2.99,Regular
Lolita World,2.99,Regular
Lonely Elephant,2.99,Regular
Lord Arizona,2.99,Regular
Lost Bird,2.99,Regular
Lovely Jingle,2.99,Regular
Lover Truman,2.99,Regular
Luck Opus,2.99,Regular
Lucky Flying,2.99,Regular
Luke Mummy,2.99,Regular
Mask Peach,2.99,Regular
Lust Lock,2.99,Regular
Madison Trap,2.99,Regular
Madre Gables,2.99,Regular
Magnificent Chitty,2.99,Regular
Maguire Apache,2.99,Regular
Malkovich Pet,2.99,Regular
Manchurian Curtain,2.99,Regular
Mannequin Worst,2.99,Regular
Married Go,2.99,Regular
Massage Image,2.99,Regular
Meet Chocolate,2.99,Regular
Menagerie Rushmore,2.99,Regular
Metal Armageddon,2.99,Regular
Metropolis Coma,2.99,Regular
Microcosmos Paradise,2.99,Regular
Mighty Luck,2.99,Regular
Miracle Virtual,2.99,Regular
Mixed Doors,2.99,Regular
Money Harold,2.99,Regular
Monster Spartacus,2.99,Regular
Mulholland Beast,2.99,Regular
Murder Antitrust,2.99,Regular
Muscle Bright,2.99,Regular
Mussolini Spoilers,2.99,Regular
Nash Chocolat,2.99,Regular
National Story,2.99,Regular
Nemo Campus,2.99,Regular
Network Peak,2.99,Regular
Noon Papi,2.99,Regular
Northwest Polish,2.99,Regular
Operation Operation,2.99,Regular
Order Betrayed,2.99,Regular
Orient Closer,2.99,Regular
Oscar Gold,2.99,Regular
Others Soup,2.99,Regular
Oz Liaisons,2.99,Regular
Paradise Sabrina,2.99,Regular
Paris Weekend,2.99,Regular
Party Knock,2.99,Regular
Patriot Roman,2.99,Regular
Patton Interview,2.99,Regular
Peach Innocent,2.99,Regular
Pearl Destiny,2.99,Regular
Perfect Groove,2.99,Regular
Phantom Glory,2.99,Regular
Pickup Driving,2.99,Regular
Pilot Hoosiers,2.99,Regular
Pizza Jumanji,2.99,Regular
Pollock Deliverance,2.99,Regular
Pond Seattle,2.99,Regular
Potluck Mixed,2.99,Regular
Potter Connecticut,2.99,Regular
Princess Giant,2.99,Regular
Prix Undefeated,2.99,Regular
Psycho Shrunk,2.99,Regular
Pulp Beverly,2.99,Regular
Pure Runner,2.99,Regular
Purple Movie,2.99,Regular
Quest Mussolini,2.99,Regular
Racer Egg,2.99,Regular
Random Go,2.99,Regular
Reap Unfaithful,2.99,Regular
Redemption Comforts,2.99,Regular
Reign Gentlemen,2.99,Regular
Remember Diary,2.99,Regular
Reservoir Adaptation,2.99,Regular
Rider Caddyshack,2.99,Regular
Robbers Joon,2.99,Regular
Rollercoaster Bringing,2.99,Regular
Rushmore Mermaid,2.99,Regular
Saddle Antitrust,2.99,Regular
Sagebrush Clueless,2.99,Regular
Saints Bride,2.99,Regular
Salute Apollo,2.99,Regular
Samurai Lion,2.99,Regular
Santa Paris,2.99,Regular
Scissorhands Slums,2.99,Regular
Ship Wonderland,2.99,Regular
Sea Virgin,2.99,Regular
Seabiscuit Punk,2.99,Regular
Searchers Wait,2.99,Regular
Shakespeare Saddle,2.99,Regular
Shane Darkness,2.99,Regular
Shanghai Tycoon,2.99,Regular
Shock Cabin,2.99,Regular
Shrek License,2.99,Regular
Shrunk Divine,2.99,Regular
Sinners Atlantis,2.99,Regular
Sky Miracle,2.99,Regular
Sleepy Japanese,2.99,Regular
Smile Earring,2.99,Regular
Snatchers Montezuma,2.99,Regular
Sons Interview,2.99,Regular
South Wait,2.99,Regular
Speakeasy Date,2.99,Regular
Spiking Element,2.99,Regular
Spinal Rocky,2.99,Regular
Spy Mile,2.99,Regular
Squad Fish,2.99,Regular
Stage World,2.99,Regular
Star Operation,2.99,Regular
State Wasteland,2.99,Regular
Stock Glass,2.99,Regular
Strictly Scarface,2.99,Regular
Suspects Quills,2.99,Regular
Sweet Brotherhood,2.99,Regular
Tadpole Park,2.99,Regular
Tarzan Videotape,2.99,Regular
Telemark Heartbreakers,2.99,Regular
Tomorrow Hustler,2.99,Regular
Town Ark,2.99,Regular
Trojan Tomorrow,2.99,Regular
Trouble Date,2.99,Regular
Turn Star,2.99,Regular
Tuxedo Mile,2.99,Regular
Uncut Suicides,2.99,Regular
Unfaithful Kill,2.99,Regular
Untouchables Sunrise,2.99,Regular
Uprising Uptown,2.99,Regular
Uptown Young,2.99,Regular
Vacation Boondock,2.99,Regular
Vanishing Rocky,2.99,Regular
Varsity Trip,2.99,Regular
Vertigo Northwest,2.99,Regular
Wagon Jaws,2.99,Regular
Wardrobe Phantom,2.99,Regular
Warlock Werewolf,2.99,Regular
Wars Pluto,2.99,Regular
Wasteland Divine,2.99,Regular
Weekend Personal,2.99,Regular
Willow Tracy,2.99,Regular
Window Side,2.99,Regular
Won Dares,2.99,Regular
Wonderful Drop,2.99,Regular
Wonka Sea,2.99,Regular
Words Hunter,2.99,Regular
Worker Tarzan,2.99,Regular
Worst Banger,2.99,Regular
Wrong Behavior,2.99,Regular
Zoolander Fiction,2.99,Regular
Grapes Fury,0.99,Budget
Towers Hurricane,0.99,Budget
Graffiti Love,0.99,Budget
Goldmine Tycoon,0.99,Budget
Patient Sister,0.99,Budget
Annie Identity,0.99,Budget
Tracy Cider,0.99,Budget
Goldfinger Sensibility,0.99,Budget
Caddyshack Jedi,0.99,Budget
Go Purple,0.99,Budget
Cabin Flash,0.99,Budget
Glass Dying,0.99,Budget
Gilmore Boiled,0.99,Budget
Butterfly Chocolat,0.99,Budget
Personal Ladybugs,0.99,Budget
Pet Haunting,0.99,Budget
Butch Panther,0.99,Budget
Gilbert Pelican,0.99,Budget
Pianist Outfield,0.99,Budget
Tramp Others,0.99,Budget
Translation Summer,0.99,Budget
Ghostbusters Elf,0.99,Budget
Pirates Roxanne,0.99,Budget
Gathering Calendar,0.99,Budget
Gandhi Kwai,0.99,Budget
Bull Shawshank,0.99,Budget
Gables Metropolis,0.99,Budget
Fury Murder,0.99,Budget
Pocus Pulp,0.99,Budget
Polish Brooklyn,0.99,Budget
Treasure Command,0.99,Budget
Treatment Jekyll,0.99,Budget
Frost Head,0.99,Budget
Brotherhood Blanket,0.99,Budget
Anaconda Confessions,0.99,Budget
Frogmen Breaking,0.99,Budget
Freedom Cleopatra,0.99,Budget
Pride Alamo,0.99,Budget
Primary Glass,0.99,Budget
Troopers Metal,0.99,Budget
Frankenstein Stranger,0.99,Budget
Amadeus Holy,0.99,Budget
Bride Intrigue,0.99,Budget
Wild Apollo,0.99,Budget
Firehouse Vietnam,0.99,Budget
Zhivago Core,0.99,Budget
Bound Cheaper,0.99,Budget
Fireball Philadelphia,0.99,Budget
Boulevard Mob,0.99,Budget
Finding Anaconda,0.99,Budget
Unbreakable Karate,0.99,Budget
Fight Jawbreaker,0.99,Budget
Fiction Christmas,0.99,Budget
Raiders Antitrust,0.99,Budget
Feud Frogmen,0.99,Budget
Wind Phantom,0.99,Budget
Feathers Metal,0.99,Budget
Borrowers Bedazzled,0.99,Budget
Rear Trading,0.99,Budget
Rebel Airport,0.99,Budget
Fantasy Troopers,0.99,Budget
Wrath Mile,0.99,Budget
Family Sweet,0.99,Budget
Reef Salute,0.99,Budget
Unforgiven Zoolander,0.99,Budget
United Pilot,0.99,Budget
Factory Dragon,0.99,Budget
Wisdom Worker,0.99,Budget
Resurrection Silverado,0.99,Budget
Reunion Witches,0.99,Budget
Alter Victory,0.99,Budget
Ridgemont Submarine,0.99,Budget
Expendable Stallion,0.99,Budget
Rings Heartbreakers,0.99,Budget
River Outlaw,0.99,Budget
Excitement Eve,0.99,Budget
Alone Trip,0.99,Budget
Robbery Bright,0.99,Budget
Rock Instinct,0.99,Budget
Rocketeer Mother,0.99,Budget
Evolution Alter,0.99,Budget
Boondock Ballroom,0.99,Budget
Roman Punk,0.99,Budget
Roof Champion,0.99,Budget
Room Roman,0.99,Budget
Roots Remember,0.99,Budget
Everyone Craft,0.99,Budget
Rouge Squad,0.99,Budget
Roxanne Rebel,0.99,Budget
Rugrats Shakespeare,0.99,Budget
Entrapment Satisfaction,0.99,Budget
Run Pacific,0.99,Budget
Runaway Tenenbaums,0.99,Budget
Runner Madigan,0.99,Budget
Wolves Desire,0.99,Budget
English Bulworth,0.99,Budget
Valentine Vanishing,0.99,Budget
Valley Packer,0.99,Budget
Bonnie Holocaust,0.99,Budget
Blood Argonauts,0.99,Budget
Vanished Garden,0.99,Budget
Women Dorado,0.99,Budget
Sassy Packer,0.99,Budget
Ending Crowds,0.99,Budget
Encounters Curtain,0.99,Budget
Encino Elf,0.99,Budget
Savannah Town,0.99,Budget
Empire Malkovich,0.99,Budget
Egypt Tenenbaums,0.99,Budget
Effect Gladiator,0.99,Budget
Academy Dinosaur,0.99,Budget
Blade Polish,0.99,Budget
Earth Vision,0.99,Budget
Alaska Phantom,0.99,Budget
Victory Academy,0.99,Budget
Birdcage Casper,0.99,Budget
Earring Instinct,0.99,Budget
Dynamite Tarzan,0.99,Budget
Dumbo Lust,0.99,Budget
Duffel Apocalypse,0.99,Budget
Drums Dynamite,0.99,Budget
Drumline Cyclone,0.99,Budget
Dragon Squad,0.99,Budget
Vietnam Smoochy,0.99,Budget
Beneath Rush,0.99,Budget
Beethoven Exorcist,0.99,Budget
Dracula Crystal,0.99,Budget
Shepherd Midsummer,0.99,Budget
Shining Roses,0.99,Budget
Virginian Pluto,0.99,Budget
Shootist Superfly,0.99,Budget
Downhill Enough,0.99,Budget
Bedazzled Married,0.99,Budget
Vision Torque,0.99,Budget
Side Ark,0.99,Budget
Siege Madre,0.99,Budget
Sierra Divide,0.99,Budget
Silence Kane,0.99,Budget
Double Wrath,0.99,Budget
Simon North,0.99,Budget
Voice Peach,0.99,Budget
Doom Dancing,0.99,Budget
Volcano Texas,0.99,Budget
Donnie Alley,0.99,Budget
Disciple Mother,0.99,Budget
Detective Vision,0.99,Budget
Banger Pinocchio,0.99,Budget
Sleuth Orient,0.99,Budget
Sling Luke,0.99,Budget
Slipper Fidelity,0.99,Budget
Slums Duck,0.99,Budget
Voyage Legally,0.99,Budget
Smoking Barbarella,0.99,Budget
Smoochy Control,0.99,Budget
Destination Jerk,0.99,Budget
Alice Fantasia,0.99,Budget
Snowman Rollercoaster,0.99,Budget
Deliverance Mulholland,0.99,Budget
Deceiver Betrayed,0.99,Budget
Song Hedwig,0.99,Budget
Wait Cider,0.99,Budget
Sorority Queen,0.99,Budget
Soup Wisdom,0.99,Budget
Ballroom Mockingbird,0.99,Budget
Dancing Fever,0.99,Budget
Arsenic Independence,0.99,Budget
Dances None,0.99,Budget
Dalmations Sweden,0.99,Budget
Army Flintstones,0.99,Budget
Armageddon Lost,0.99,Budget
Spirit Flintstones,0.99,Budget
Spirited Casualties,0.99,Budget
Splash Gump,0.99,Budget
Splendor Patton,0.99,Budget
Spoilers Hellfighters,0.99,Budget
Alamo Videotape,0.99,Budget
Young Language,0.99,Budget
Youth Kick,0.99,Budget
Curtain Videotape,0.99,Budget
Stallion Sundance,0.99,Budget
Stampede Disturbing,0.99,Budget
Ark Ridgemont,0.99,Budget
Kill Brotherhood,0.99,Budget
Date Speed,0.99,Budget
Cruelty Unforgiven,0.99,Budget
Kwai Homeward,0.99,Budget
Crow Grease,0.99,Budget
Rush Goodfellas,0.99,Budget
Kick Savannah,0.99,Budget
Ladybugs Armageddon,0.99,Budget
Karate Moon,0.99,Budget
Language Cowboy,0.99,Budget
Kane Exorcist,0.99,Budget
Lawrence Love,0.99,Budget
Jungle Closer,0.99,Budget
Crooked Frogmen,0.99,Budget
Creatures Shakespeare,0.99,Budget
Jumping Wrath,0.99,Budget
Legend Jedi,0.99,Budget
Lesson Cleopatra,0.99,Budget
Juggler Hardly,0.99,Budget
Watch Tracy,0.99,Budget
Stone Fire,0.99,Budget
Joon Northwest,0.99,Budget
Storm Happiness,0.99,Budget
Lights Deer,0.99,Budget
Mars Roman,0.99,Budget
Lion Uncut,0.99,Budget
Loathing Legally,0.99,Budget
Story Side,0.99,Budget
Jeopardy Encino,0.99,Budget
Straight Hours,0.99,Budget
Strangelove Desire,0.99,Budget
Craft Outfield,0.99,Budget
Lose Inch,0.99,Budget
Jedi Beneath,0.99,Budget
Tights Dawn,0.99,Budget
Louisiana Harry,0.99,Budget
Love Suicides,0.99,Budget
Connection Microcosmos,0.99,Budget
Streak Ridgemont,0.99,Budget
Loverboy Attacks,0.99,Budget
Congeniality Quest,0.99,Budget
Argonauts Town,0.99,Budget
Comancheros Enemy,0.99,Budget
Coast Rainbow,0.99,Budget
Clyde Theory,0.99,Budget
Jawbreaker Brooklyn,0.99,Budget
Club Graffiti,0.99,Budget
Madness Attacks,0.99,Budget
Summer Scarface,0.99,Budget
Magic Mallrats,0.99,Budget
Sun Confessions,0.99,Budget
Magnolia Forrester,0.99,Budget
Sundance Invasion,0.99,Budget
Japanese Run,0.99,Budget
Majestic Floats,0.99,Budget
Maker Gables,0.99,Budget
Clockwork Paradise,0.99,Budget
Mallrats United,0.99,Budget
Intrigue Worst,0.99,Budget
Sunset Racer,0.99,Budget
Cleopatra Devil,0.99,Budget
Superfly Trip,0.99,Budget
Masked Bubble,0.99,Budget
Insects Stone,0.99,Budget
Watership Frontier,0.99,Budget
Indian Love,0.99,Budget
Maude Mod,0.99,Budget
Swarm Gold,0.99,Budget
Independence Hotel,0.99,Budget
Citizen Shrek,0.99,Budget
Impact Aladdin,0.99,Budget
Timberland Sky,0.99,Budget
Wedding Apollo,0.99,Budget
Sweethearts Suspects,0.99,Budget
Midnight Westward,0.99,Budget
Illusion Amelie,0.99,Budget
World Leathernecks,0.99,Budget
Mile Mulan,0.99,Budget
Hunger Roof,0.99,Budget
Hours Rage,0.99,Budget
Horror Reign,0.99,Budget
Minority Kiss,0.99,Budget
Talented Homicide,0.99,Budget
Hook Chariots,0.99,Budget
Arabia Dogma,0.99,Budget
Mob Duffel,0.99,Budget
Mockingbird Hollywood,0.99,Budget
Honey Ties,0.99,Budget
Homeward Cider,0.99,Budget
Modern Dorado,0.99,Budget
Taxi Kick,0.99,Budget
Holy Tadpole,0.99,Budget
Christmas Moonshine,0.99,Budget
Monterey Labyrinth,0.99,Budget
Montezuma Command,0.99,Budget
Moon Bunch,0.99,Budget
Holocaust Highball,0.99,Budget
Hollywood Anonymous,0.99,Budget
Mosquito Armageddon,0.99,Budget
Mother Oleander,0.99,Budget
Motions Details,0.99,Budget
Moulin Wake,0.99,Budget
Mourning Purple,0.99,Budget
Hobbit Alien,0.99,Budget
Mulan Moon,0.99,Budget
Chocolat Harry,0.99,Budget
Mummy Creatures,0.99,Budget
Hills Neighbors,0.99,Budget
Anonymous Human,0.99,Budget
Chill Luck,0.99,Budget
Music Boondock,0.99,Budget
Highball Potter,0.99,Budget
Tenenbaums Command,0.99,Budget
Mystic Truman,0.99,Budget
Hawk Chill,0.99,Budget
Chicken Hellfighters,0.99,Budget
Cheaper Clyde,0.99,Budget
Natural Stock,0.99,Budget
Necklace Outbreak,0.99,Budget
Neighbors Charade,0.99,Budget
Texas Watch,0.99,Budget
Theory Mermaid,0.99,Budget
Newsies Story,0.99,Budget
Newton Labyrinth,0.99,Budget
Haunting Pianist,0.99,Budget
None Spiking,0.99,Budget
Chainsaw Uptown,0.99,Budget
Hate Handicap,0.99,Budget
Celebrity Horn,0.99,Budget
Notorious Reunion,0.99,Budget
Notting Speakeasy,0.99,Budget
Novocaine Flight,0.99,Budget
Harper Dying,0.99,Budget
Harold French,0.99,Budget
Odds Boogie,0.99,Budget
Oklahoma Jumanji,0.99,Budget
Oleander Clue,0.99,Budget
Handicap Boondock,0.99,Budget
Catch Amistad,0.99,Budget
Gunfight Moon,0.99,Budget
Gun Bonnie,0.99,Budget
Orange Grapes,0.99,Budget
Carrie Bunch,0.99,Budget
Caper Motions,0.99,Budget
Tomatoes Hellfighters,0.99,Budget
Westward Seabiscuit,0.99,Budget
Outbreak Divine,0.99,Budget
Outfield Massacre,0.99,Budget
Groove Fiction,0.99,Budget
Tootsie Pilot,0.99,Budget
Pacific Amistad,0.99,Budget
Packer Madigan,0.99,Budget
Pajama Jawbreaker,0.99,Budget
Grit Clockwork,0.99,Budget
Greedy Roots,0.99,Budget
Grease Youth,0.99,Budget
Papi Necklace,0.99,Budget
Canyon Stock,0.99,Budget
Camelot Vacation,0.99,Budget
